<?xml version="1.0" encoding="UTF-8"?>
<forms version="1.8.9">
	<form labelPlacement="top_label" useCurrentUserAsAuthor="1">
		<title><![CDATA[Rent Prep Inspection 2 - Final (move In)]]></title>
		<description><![CDATA[Unit walk-through check-list for completion prior to new tenant move in.]]></description>
		<descriptionPlacement><![CDATA[below]]></descriptionPlacement>
		<button type="text">
			<text><![CDATA[Submit]]></text>
		</button>
		<fields>
			<field id="2" size="medium" type="fieldgroupopen">
				<cssClass><![CDATA[checklist-group]]></cssClass>
				<label><![CDATA[Group Open]]></label>
			</field>
			<field id="3" size="medium" type="checkbox">
				<cssClass><![CDATA[gf_list_inline]]></cssClass>
				<label><![CDATA[Entrance Door/Door Lock]]></label>
				<choices>
					<choice>
						<text><![CDATA[New]]></text>
					</choice>
					<choice>
						<text><![CDATA[Good]]></text>
					</choice>
					<choice>
						<text><![CDATA[Acceptable]]></text>
					</choice>
					<choice>
						<text><![CDATA[Not Acceptable]]></text>
					</choice>
				</choices>
			</field>
			<field id="9" size="medium" type="checkbox">
				<adminLabel><![CDATA[Entrance Inspection Notes]]></adminLabel>
				<choices>
					<choice>
						<text><![CDATA[Additional Comments?]]></text>
					</choice>
				</choices>
			</field>
			<field id="4" size="medium" type="textarea">
				<label><![CDATA[Entrance Inspection Notes]]></label>
				<enableWysiwyg><![CDATA[true]]></enableWysiwyg>
				<conditionalLogic actionType="show" logicType="all">
					<rules>
						<rule fieldId="9" operator="is">
							<value><![CDATA[Additional Comments?]]></value>
						</rule>
					</rules>
				</conditionalLogic>
			</field>
			<field id="7" size="medium" type="fieldgroupclose">
				<label><![CDATA[Field Group Close]]></label>
			</field>
			<field id="6" size="medium" type="fieldgroupopen">
				<cssClass><![CDATA[checklist-group]]></cssClass>
				<label><![CDATA[Group Open]]></label>
			</field>
			<field id="10" size="medium" type="checkbox">
				<cssClass><![CDATA[gf_list_inline]]></cssClass>
				<label><![CDATA[Windows/Locks/Screens/Blinds/Child Guards]]></label>
				<choices>
					<choice>
						<text><![CDATA[New]]></text>
					</choice>
					<choice>
						<text><![CDATA[Good]]></text>
					</choice>
					<choice>
						<text><![CDATA[Acceptable]]></text>
					</choice>
					<choice>
						<text><![CDATA[Not Acceptable]]></text>
					</choice>
				</choices>
			</field>
			<field id="11" size="medium" type="checkbox">
				<adminLabel><![CDATA[Window Inspection Notes]]></adminLabel>
				<choices>
					<choice>
						<text><![CDATA[Additional Comments?]]></text>
					</choice>
				</choices>
			</field>
			<field id="12" size="medium" type="textarea">
				<label><![CDATA[Windows Inspection Notes]]></label>
				<enableWysiwyg><![CDATA[true]]></enableWysiwyg>
				<conditionalLogic actionType="show" logicType="all">
					<rules>
						<rule fieldId="11" operator="is">
							<value><![CDATA[Additional Comments?]]></value>
						</rule>
					</rules>
				</conditionalLogic>
			</field>
			<field id="8" size="medium" type="fieldgroupclose">
				<label><![CDATA[Field Group Close]]></label>
			</field>
			<field id="14" size="medium" type="fieldgroupopen">
				<cssClass><![CDATA[checklist-group]]></cssClass>
				<label><![CDATA[Field Group Open]]></label>
			</field>
			<field id="13" size="medium" type="checkbox">
				<cssClass><![CDATA[gf_list_inline]]></cssClass>
				<label><![CDATA[Walls/Ceilings]]></label>
				<choices>
					<choice>
						<text><![CDATA[New]]></text>
					</choice>
					<choice>
						<text><![CDATA[Good]]></text>
					</choice>
					<choice>
						<text><![CDATA[Acceptable]]></text>
					</choice>
					<choice>
						<text><![CDATA[Not Acceptable]]></text>
					</choice>
				</choices>
			</field>
			<field id="16" size="medium" type="checkbox">
				<adminLabel><![CDATA[Walls Ceilings Notes]]></adminLabel>
				<choices>
					<choice>
						<text><![CDATA[Additional Comments?]]></text>
					</choice>
				</choices>
			</field>
			<field id="17" size="medium" type="textarea">
				<label><![CDATA[Walls/Ceilings Inspection Notes]]></label>
				<enableWysiwyg><![CDATA[true]]></enableWysiwyg>
				<conditionalLogic actionType="show" logicType="all">
					<rules>
						<rule fieldId="16" operator="is">
							<value><![CDATA[Additional Comments?]]></value>
						</rule>
					</rules>
				</conditionalLogic>
			</field>
			<field id="15" size="medium" type="fieldgroupclose">
				<label><![CDATA[Field Group Close]]></label>
			</field>
			<field id="18" size="medium" type="fieldgroupopen">
				<cssClass><![CDATA[checklist-group]]></cssClass>
				<label><![CDATA[Field Group Open]]></label>
			</field>
			<field id="20" size="medium" type="checkbox">
				<cssClass><![CDATA[gf_list_inline]]></cssClass>
				<label><![CDATA[Floor Covering]]></label>
				<choices>
					<choice>
						<text><![CDATA[New]]></text>
					</choice>
					<choice>
						<text><![CDATA[Good]]></text>
					</choice>
					<choice>
						<text><![CDATA[Acceptable]]></text>
					</choice>
					<choice>
						<text><![CDATA[Not Acceptable]]></text>
					</choice>
				</choices>
			</field>
			<field id="21" size="medium" type="checkbox">
				<adminLabel><![CDATA[Floor Coverings Notes]]></adminLabel>
				<choices>
					<choice>
						<text><![CDATA[Additional Comments?]]></text>
					</choice>
				</choices>
			</field>
			<field id="19" size="medium" type="fieldgroupclose">
				<label><![CDATA[Field Group Close]]></label>
			</field>
			<field id="23" size="medium" type="fieldgroupopen">
				<cssClass><![CDATA[checklist-group]]></cssClass>
				<label><![CDATA[Field Group Open]]></label>
			</field>
			<field id="25" size="medium" type="checkbox">
				<cssClass><![CDATA[gf_list_inline]]></cssClass>
				<label><![CDATA[Electric Outlets/Switches/Plates/Safety Plug]]></label>
				<choices>
					<choice>
						<text><![CDATA[New]]></text>
					</choice>
					<choice>
						<text><![CDATA[Good]]></text>
					</choice>
					<choice>
						<text><![CDATA[Acceptable]]></text>
					</choice>
					<choice>
						<text><![CDATA[Not Acceptable]]></text>
					</choice>
				</choices>
			</field>
			<field id="26" size="medium" type="checkbox">
				<adminLabel><![CDATA[Electricals Notes]]></adminLabel>
				<choices>
					<choice>
						<text><![CDATA[Additional Comments?]]></text>
					</choice>
				</choices>
			</field>
			<field id="22" size="medium" type="textarea">
				<label><![CDATA[Electric Outlets/Switches/Plates/Safety Plug Notes]]></label>
				<enableWysiwyg><![CDATA[true]]></enableWysiwyg>
				<conditionalLogic actionType="show" logicType="all">
					<rules>
						<rule fieldId="26" operator="is">
							<value><![CDATA[Additional Comments?]]></value>
						</rule>
					</rules>
				</conditionalLogic>
			</field>
			<field id="24" size="medium" type="fieldgroupclose">
				<label><![CDATA[Field Group Close]]></label>
			</field>
			<field id="27" size="medium" type="fieldgroupopen">
				<cssClass><![CDATA[checklist-group]]></cssClass>
				<label><![CDATA[Field Group Open]]></label>
			</field>
			<field id="29" size="medium" type="checkbox">
				<cssClass><![CDATA[gf_list_inline]]></cssClass>
				<label><![CDATA[Light Fixture/Bulb]]></label>
				<choices>
					<choice>
						<text><![CDATA[New]]></text>
					</choice>
					<choice>
						<text><![CDATA[Good]]></text>
					</choice>
					<choice>
						<text><![CDATA[Acceptable]]></text>
					</choice>
					<choice>
						<text><![CDATA[Not Acceptable]]></text>
					</choice>
				</choices>
			</field>
			<field id="30" size="medium" type="checkbox">
				<adminLabel><![CDATA[Light Fixtures Notes]]></adminLabel>
				<choices>
					<choice>
						<text><![CDATA[Additional Comments?]]></text>
					</choice>
				</choices>
			</field>
			<field id="31" size="medium" type="textarea">
				<label><![CDATA[Light Fixture/Bulb Notes]]></label>
				<enableWysiwyg><![CDATA[true]]></enableWysiwyg>
				<conditionalLogic actionType="show" logicType="all">
					<rules>
						<rule fieldId="30" operator="is">
							<value><![CDATA[Additional Comments?]]></value>
						</rule>
					</rules>
				</conditionalLogic>
			</field>
			<field id="28" size="medium" type="fieldgroupclose">
				<label><![CDATA[Field Group Close]]></label>
			</field>
			
			<!-- end page one  -->
			
			<field id="1" size="medium" type="page" displayOnly="1">
				<nextButton type="text">
					<text><![CDATA[Kitchen]]></text>
				</nextButton>
				<previousButton type="text">
					<text><![CDATA[Entry/Common]]></text>
				</previousButton>
			</field>
			<field id="32" size="medium" type="fieldgroupopen">
				<cssClass><![CDATA[checklist-group]]></cssClass>
				<label><![CDATA[Field Group Open]]></label>
			</field>
			<field id="5" size="medium" type="checkbox">
				<cssClass><![CDATA[gf_list_inline]]></cssClass>
				<label><![CDATA[Hood Light Fixture/Bulb]]></label>
				<choices>
					<choice>
						<text><![CDATA[New]]></text>
					</choice>
					<choice>
						<text><![CDATA[Good]]></text>
					</choice>
					<choice>
						<text><![CDATA[Acceptable]]></text>
					</choice>
					<choice>
						<text><![CDATA[Not Acceptable]]></text>
					</choice>
				</choices>
			</field>
			<field id="34" size="medium" type="checkbox">
				<adminLabel><![CDATA[Hood Lights Notes]]></adminLabel>
				<choices>
					<choice>
						<text><![CDATA[Additional Comments?]]></text>
					</choice>
				</choices>
			</field>
			<field id="35" size="medium" type="textarea">
				<label><![CDATA[Light Fixture/Bulb Notes]]></label>
				<enableWysiwyg><![CDATA[true]]></enableWysiwyg>
				<conditionalLogic actionType="show" logicType="all">
					<rules>
						<rule fieldId="34" operator="is">
							<value><![CDATA[Additional Comments?]]></value>
						</rule>
					</rules>
				</conditionalLogic>
			</field>
			<field id="33" size="medium" type="fieldgroupclose">
				<label><![CDATA[Field Group Close]]></label>
			</field>
			
			
			<field id="36" size="medium" type="fieldgroupopen">
				<cssClass><![CDATA[checklist-group]]></cssClass>
				<label><![CDATA[Group Open]]></label>
			</field>
			<field id="37" size="medium" type="checkbox">
				<cssClass><![CDATA[gf_list_inline]]></cssClass>
				<label><![CDATA[Hood Fan/Filter]]></label>
				<choices>
					<choice>
						<text><![CDATA[New]]></text>
					</choice>
					<choice>
						<text><![CDATA[Good]]></text>
					</choice>
					<choice>
						<text><![CDATA[Acceptable]]></text>
					</choice>
					<choice>
						<text><![CDATA[Not Acceptable]]></text>
					</choice>
				</choices>
			</field>
			<field id="38" size="medium" type="checkbox">
				<adminLabel><![CDATA[Hood Fan/Filters Notes]]></adminLabel>
				<choices>
					<choice>
						<text><![CDATA[Additional Comments?]]></text>
					</choice>
				</choices>
			</field>
			<field id="39" size="medium" type="textarea">
				<label><![CDATA[Hood Fan/Filter Notes]]></label>
				<enableWysiwyg><![CDATA[true]]></enableWysiwyg>
				<conditionalLogic actionType="show" logicType="all">
					<rules>
						<rule fieldId="38" operator="is">
							<value><![CDATA[Additional Comments?]]></value>
						</rule>
					</rules>
				</conditionalLogic>
			</field>
			<field id="40" size="medium" type="fieldgroupclose">
				<label><![CDATA[Field Group Close]]></label>
			</field>
			<field id="41" size="medium" type="fieldgroupopen">
				<cssClass><![CDATA[checklist-group]]></cssClass>
				<label><![CDATA[Group Open]]></label>
			</field>
			<field id="42" size="medium" type="checkbox">
				<cssClass><![CDATA[gf_list_inline]]></cssClass>
				<label><![CDATA[Stove/Oven]]></label>
				<choices>
					<choice>
						<text><![CDATA[New]]></text>
					</choice>
					<choice>
						<text><![CDATA[Good]]></text>
					</choice>
					<choice>
						<text><![CDATA[Acceptable]]></text>
					</choice>
					<choice>
						<text><![CDATA[Not Acceptable]]></text>
					</choice>
				</choices>
			</field>
			<field id="43" size="medium" type="checkbox">
				<adminLabel><![CDATA[Stove/Oven Notes]]></adminLabel>
				<choices>
					<choice>
						<text><![CDATA[Additional Comments?]]></text>
					</choice>
				</choices>
			</field>
			<field id="44" size="medium" type="textarea">
				<label><![CDATA[Stove/Oven Notes]]></label>
				<enableWysiwyg><![CDATA[true]]></enableWysiwyg>
				<conditionalLogic actionType="show" logicType="all">
					<rules>
						<rule fieldId="43" operator="is">
							<value><![CDATA[Additional Comments?]]></value>
						</rule>
					</rules>
				</conditionalLogic>
			</field>
			<field id="44" size="medium" type="fieldgroupclose">
				<label><![CDATA[Field Group Close]]></label>
			</field>
			<field id="45" size="medium" type="fieldgroupopen">
				<cssClass><![CDATA[checklist-group]]></cssClass>
				<label><![CDATA[Field Group Open]]></label>
			</field>
			<field id="46" size="medium" type="checkbox">
				<cssClass><![CDATA[gf_list_inline]]></cssClass>
				<label><![CDATA[Sink/Faucet]]></label>
				<choices>
					<choice>
						<text><![CDATA[New]]></text>
					</choice>
					<choice>
						<text><![CDATA[Good]]></text>
					</choice>
					<choice>
						<text><![CDATA[Acceptable]]></text>
					</choice>
					<choice>
						<text><![CDATA[Not Acceptable]]></text>
					</choice>
				</choices>
			</field>
			<field id="47" size="medium" type="checkbox">
				<adminLabel><![CDATA[Sink/Faucet]]></adminLabel>
				<choices>
					<choice>
						<text><![CDATA[Additional Comments?]]></text>
					</choice>
				</choices>
			</field>
			<field id="48" size="medium" type="textarea">
				<label><![CDATA[Sink/Faucet Inspection Notes]]></label>
				<enableWysiwyg><![CDATA[true]]></enableWysiwyg>
				<conditionalLogic actionType="show" logicType="all">
					<rules>
						<rule fieldId="47" operator="is">
							<value><![CDATA[Additional Comments?]]></value>
						</rule>
					</rules>
				</conditionalLogic>
			</field>
			<field id="48" size="medium" type="fieldgroupclose">
				<label><![CDATA[Field Group Close]]></label>
			</field>
			<field id="49" size="medium" type="fieldgroupopen">
				<cssClass><![CDATA[checklist-group]]></cssClass>
				<label><![CDATA[Field Group Open]]></label>
			</field>
			<field id="50" size="medium" type="checkbox">
				<cssClass><![CDATA[gf_list_inline]]></cssClass>
				<label><![CDATA[Refridgerator/Bulb*]]></label>
				<choices>
					<choice>
						<text><![CDATA[New]]></text>
					</choice>
					<choice>
						<text><![CDATA[Good]]></text>
					</choice>
					<choice>
						<text><![CDATA[Acceptable]]></text>
					</choice>
					<choice>
						<text><![CDATA[Not Acceptable]]></text>
					</choice>
				</choices>
			</field>
			<field id="51" size="medium" type="checkbox">
				<adminLabel><![CDATA[Refridgerator/Bulb Notes]]></adminLabel>
				<choices>
					<choice>
						<text><![CDATA[Additional Comments?]]></text>
					</choice>
				</choices>
			</field>
			<field id="52" size="medium" type="textarea">
				<label><![CDATA[Sink/Faucet Inspection Notes]]></label>
				<enableWysiwyg><![CDATA[true]]></enableWysiwyg>
				<conditionalLogic actionType="show" logicType="all">
					<rules>
						<rule fieldId="51" operator="is">
							<value><![CDATA[Additional Comments?]]></value>
						</rule>
					</rules>
				</conditionalLogic>
			</field>
			<field id="53" size="medium" type="fieldgroupclose">
				<label><![CDATA[Field Group Close]]></label>
			</field>
			<field id="54" size="medium" type="fieldgroupopen">
				<cssClass><![CDATA[checklist-group]]></cssClass>
				<label><![CDATA[Field Group Open]]></label>
			</field>
			<field id="55" size="medium" type="checkbox">
				<cssClass><![CDATA[gf_list_inline]]></cssClass>
				<label><![CDATA[Receptical/Receptical Cover]]></label>
				<choices>
					<choice>
						<text><![CDATA[New]]></text>
					</choice>
					<choice>
						<text><![CDATA[Good]]></text>
					</choice>
					<choice>
						<text><![CDATA[Acceptable]]></text>
					</choice>
					<choice>
						<text><![CDATA[Not Acceptable]]></text>
					</choice>
				</choices>
			</field>
			<field id="56" size="medium" type="checkbox">
				<adminLabel><![CDATA[Receptical/Receptical Cover Notes]]></adminLabel>
				<choices>
					<choice>
						<text><![CDATA[Additional Comments?]]></text>
					</choice>
				</choices>
			</field>
			<field id="57" size="medium" type="textarea">
				<label><![CDATA[Receptical/Receptical Cover Notes]]></label>
				<enableWysiwyg><![CDATA[true]]></enableWysiwyg>
				<conditionalLogic actionType="show" logicType="all">
					<rules>
						<rule fieldId="56" operator="is">
							<value><![CDATA[Additional Comments?]]></value>
						</rule>
					</rules>
				</conditionalLogic>
			</field>
			<field id="57" size="medium" type="fieldgroupclose">
				<label><![CDATA[Field Group Close]]></label>
			</field>
			<field id="58" size="medium" type="fieldgroupopen">
				<cssClass><![CDATA[checklist-group]]></cssClass>
				<label><![CDATA[Field Group Open]]></label>
			</field>
			<field id="59" size="medium" type="checkbox">
				<cssClass><![CDATA[gf_list_inline]]></cssClass>
				<label><![CDATA[Kitchen Floor Covering]]></label>
				<choices>
					<choice>
						<text><![CDATA[New]]></text>
					</choice>
					<choice>
						<text><![CDATA[Good]]></text>
					</choice>
					<choice>
						<text><![CDATA[Acceptable]]></text>
					</choice>
					<choice>
						<text><![CDATA[Not Acceptable]]></text>
					</choice>
				</choices>
			</field>
			<field id="60" size="medium" type="checkbox">
				<adminLabel><![CDATA[Kitchen Floor Covering Notes]]></adminLabel>
				<choices>
					<choice>
						<text><![CDATA[Additional Comments?]]></text>
					</choice>
				</choices>
			</field>
			<field id="61" size="medium" type="textarea">
				<label><![CDATA[Kitchen Floor Covering Notes]]></label>
				<enableWysiwyg><![CDATA[true]]></enableWysiwyg>
				<conditionalLogic actionType="show" logicType="all">
					<rules>
						<rule fieldId="60" operator="is">
							<value><![CDATA[Additional Comments?]]></value>
						</rule>
					</rules>
				</conditionalLogic>
			</field>
			<field id="62" size="medium" type="fieldgroupclose">
				<label><![CDATA[Field Group Close]]></label>
			</field>

			<field id="63" size="medium" type="fieldgroupopen">
				<cssClass><![CDATA[checklist-group]]></cssClass>
				<label><![CDATA[Field Group Open]]></label>
			</field>
			<field id="64" size="medium" type="checkbox">
				<cssClass><![CDATA[gf_list_inline]]></cssClass>
				<label><![CDATA[Kitchen Wall/Ceiling]]></label>
				<choices>
					<choice>
						<text><![CDATA[New]]></text>
					</choice>
					<choice>
						<text><![CDATA[Good]]></text>
					</choice>
					<choice>
						<text><![CDATA[Acceptable]]></text>
					</choice>
					<choice>
						<text><![CDATA[Not Acceptable]]></text>
					</choice>
				</choices>
			</field>
			<field id="65" size="medium" type="checkbox">
				<adminLabel><![CDATA[Kitchen Wall/Ceiling Notes]]></adminLabel>
				<choices>
					<choice>
						<text><![CDATA[Additional Comments?]]></text>
					</choice>
				</choices>
			</field>
			<field id="66" size="medium" type="textarea">
				<label><![CDATA[Kitchen Kitchen Wall/Ceiling Notes]]></label>
				<enableWysiwyg><![CDATA[true]]></enableWysiwyg>
				<conditionalLogic actionType="show" logicType="all">
					<rules>
						<rule fieldId="65" operator="is">
							<value><![CDATA[Additional Comments?]]></value>
						</rule>
					</rules>
				</conditionalLogic>
			</field>
			<field id="67" size="medium" type="fieldgroupclose">
				<label><![CDATA[Field Group Close]]></label>
			</field>
			
			<field id="68" size="medium" type="fieldgroupopen">
				<cssClass><![CDATA[checklist-group]]></cssClass>
				<label><![CDATA[Field Group Open]]></label>
			</field>
			<field id="69" size="medium" type="checkbox">
				<cssClass><![CDATA[gf_list_inline]]></cssClass>
				<label><![CDATA[Kitchen Electric Outlets/Switches/Plates/Safety Plug]]></label>
				<choices>
					<choice>
						<text><![CDATA[New]]></text>
					</choice>
					<choice>
						<text><![CDATA[Good]]></text>
					</choice>
					<choice>
						<text><![CDATA[Acceptable]]></text>
					</choice>
					<choice>
						<text><![CDATA[Not Acceptable]]></text>
					</choice>
				</choices>
			</field>
			<field id="70" size="medium" type="checkbox">
				<adminLabel><![CDATA[Electric Outlets/Switches/Plates/Safety Plug Notes]]></adminLabel>
				<choices>
					<choice>
						<text><![CDATA[Additional Comments?]]></text>
					</choice>
				</choices>
			</field>
			<field id="71" size="medium" type="textarea">
				<label><![CDATA[Electric Outlets/Switches/Plates/Safety Plug Notes]]></label>
				<enableWysiwyg><![CDATA[true]]></enableWysiwyg>
				<conditionalLogic actionType="show" logicType="all">
					<rules>
						<rule fieldId="70" operator="is">
							<value><![CDATA[Additional Comments?]]></value>
						</rule>
					</rules>
				</conditionalLogic>
			</field>
			<field id="72" size="medium" type="fieldgroupclose">
				<label><![CDATA[Field Group Close]]></label>
			</field>
			
			<field id="73" size="medium" type="fieldgroupopen">
				<cssClass><![CDATA[checklist-group]]></cssClass>
				<label><![CDATA[Field Group Open]]></label>
			</field>
			<field id="74" size="medium" type="checkbox">
				<cssClass><![CDATA[gf_list_inline]]></cssClass>
				<label><![CDATA[Cabinets/Knobs/Shelves]]></label>
				<choices>
					<choice>
						<text><![CDATA[New]]></text>
					</choice>
					<choice>
						<text><![CDATA[Good]]></text>
					</choice>
					<choice>
						<text><![CDATA[Acceptable]]></text>
					</choice>
					<choice>
						<text><![CDATA[Not Acceptable]]></text>
					</choice>
				</choices>
			</field>
			<field id="75" size="medium" type="checkbox">
				<adminLabel><![CDATA[Cabinets/Knobs/Shelves Notes]]></adminLabel>
				<choices>
					<choice>
						<text><![CDATA[Additional Comments?]]></text>
					</choice>
				</choices>
			</field>
			<field id="76" size="medium" type="textarea">
				<label><![CDATA[Kitchen Floor Covering Notes]]></label>
				<enableWysiwyg><![CDATA[true]]></enableWysiwyg>
				<conditionalLogic actionType="show" logicType="all">
					<rules>
						<rule fieldId="75" operator="is">
							<value><![CDATA[Additional Comments?]]></value>
						</rule>
					</rules>
				</conditionalLogic>
			</field>
			<field id="77" size="medium" type="fieldgroupclose">
				<label><![CDATA[Field Group Close]]></label>
			</field>		
			
		</fields>
		<lastPageButton type="text">
			<text><![CDATA[Entry/Common]]></text>
		</lastPageButton>
		<pagination type="percentage" style="blue">
			<pages>
				<page><![CDATA[Entry/Common]]></page>
				<page><![CDATA[Kitchen]]></page>
			</pages>
		</pagination>
		<cssClass><![CDATA[inspection-form-final]]></cssClass>
		<confirmations>
			<confirmation id="5603c35d5971e" isDefault="1" type="message">
				<name><![CDATA[Default Confirmation]]></name>
				<message><![CDATA[Thanks for contacting us! We will get in touch with you shortly.]]></message>
			</confirmation>
		</confirmations>
		<notifications>
			<notification id="5603c35d50e76">
				<to><![CDATA[{admin_email}]]></to>
				<name><![CDATA[Admin Notification]]></name>
				<event><![CDATA[form_submission]]></event>
				<toType><![CDATA[email]]></toType>
				<subject><![CDATA[New submission from {form_title}]]></subject>
				<message><![CDATA[{all_fields}]]></message>
			</notification>
		</notifications>
	</form>
</forms>
